Workbook

Sheet 包边
D1: 安徽江福科技有限公司 | E1: 编号： | L1: 日期
E2: 设计人员： | G2: =[40]目录!H10 | L2: =[40]目录!J10
D3: 模具自检表 | E3: 校对人员: | G3: =[40]目录!H11 | L3: =[40]目录!J11
A4: 产品名: | B4: =[40]目录!H5 | C4: 工序内容： | D4: =[40]目录!H7 | E4: 审核人员： | G4: =[40]目录!H12 | L4: =[40]目录!J12
A5: 模具图号: | B5: =[40]目录!H8 | C5: 使用设备： | D5: =[40]目录!H9
A6: NO. | E6: 设计填写栏 | H6: 校审填写栏 | K6: 备注
E7: 阶段 | H7: 阶段
B8: 一.共性内容检查 | E8: 内审 | F8: FMC | G8: 正式图 | H8: 内审 | I8: FMC | J8: 正式图 | M8: 统计 | R8: 链接到目录
A9: 1 | N9: 结果 | O9: 项数 | P9: 比例
A10: 2 | B10: 模具中心是否与绝对坐标中心一致 | M10: 内审 | N10: √ | O10: =COUNTIF(H9:H99,"√") | P10: =O10/Q12
A11: 3 | B11: CH孔位置尺寸是否与工艺数模一致（特别注意CH孔的工法方向），CH凸模吃入量超出料厚2-3mm；（2017-07-25） | N11: × | O11: =COUNTIF(H9:H99,"×") | P11: =O11/Q12 | Q11: 总计
A12: 4 | B12: 模具筋条尽量不要与机床T槽重合;模具筋条边缘与机床T槽边缘距离最少5mm，如重合筋条底面补肉大于T槽边缘单边10mm（2023-8-7） | N12: 无 | O12: =COUNTIF(H9:H99,"无") | P12: =O12/Q12 | Q12: =SUM(O10:O12)
A13: 5 | E13: √ | M13: FMC | N13: √ | O13: =COUNTIF(I9:I99,"√") | P13: =O13/Q15
A14: 6 | N14: × | O14: =COUNTIF(I9:I99,"×") | P14: =O14/Q15 | Q14: 总计
A15: 7 | N15: 无 | O15: =COUNTIF(I9:I99,"无") | P15: =O15/Q15 | Q15: =SUM(O13:O15)
A16: 8
A17: 9 | B17: 是否有说明层：包括模具行程图、顶杆布置图（拉延）、斜楔行程图以及相关冲裁力压料力的计算；
A18: 10 | B18: 模具运输连接板、漏水孔、导板窥视孔（导腿处、压芯托芯导滑处、DR凸模处）、墩死块窥视孔、过线孔、快速定位窥视孔是否设计；
A19: 11 | B19: 电路盒、气路接头放置位置符合客户要求？检查电、气路过线是否畅通，感应器过线孔通常要开在感应器正下方，方便安装；（2023-8-7）
A20: 12 | B20: 压力源（顶杆）行程是否与压芯、托芯、小凸芯、压边圈行程一致；安全行程为ST+15mm（DR为ST+20mm）；工作侧销能否用双槽（有CAM、氮气弹簧时不能用）；
A21: 13 | B21: 压料芯行程（工作限位间距）为整0或整5，氮气缸行程比侧销限位行程少2mm， 使用行程最大为氮气缸行程的90%；氮气弹簧余量最少5mm（2023-8-7）
A22: 14 | B22: 检查氮气弹簧与对顶块接触情况（接触面＞90%），不要顶在螺钉孔上（2023-8-7）
A23: 15 | B23: 压芯走框架结构处刀块是否按最小高度设计（锻件min35mm，铸件min50mm），刀块螺孔销孔是否悬空，螺孔销孔距离铸件边界最少10mm；
A24: 16 | B24: 修边模和冲孔模等，即使是压芯没有墩死块的模具，也必须在压芯上设置基准面（4个即可）；
A25: 17 | B25: 工作、安全螺栓的长度要求全部相同；
A26: 18
A27: 19 | B27: 安全平台、传力部位及工作部位下要有加强或有筋支撑？限位块、墩死块支撑面积≥限位块面积的一半 （2023-8-7）
A28: 20 | B28: 原则上压芯、凸模、大型斜楔设计起吊翻转，位置合理，17kg以上的镶块需设置起吊孔，规格为M16，所有镶块禁止用M6及M6以下螺钉锁符，但同时所有镶块都要考虑拆装方便性，适当增加起吊孔；（2017-07-25）
A29: 21 | B29: 定位键安装槽直边长度要比定位键单边长1mm，刀块上定位键卡槽要比安装槽单边长5mm；
A30: 22 | B30: 运输连接板安装孔采用CSN16铸入式螺栓，有客户特殊要求的按客户要求；
A31: 23 | B31: 模具取件装置：A 空手槽；B 气缸；C 机械手（吸盘）；D 其它；
A32: 24 | B32: 上、下模镶块的拼接缝最小错开5毫米；（2023-8-7）
A33: 25 | B33: 标准件安装面比标准件大5mm，若无法满足，则需要贴量加工保证；
A34: 26 | B34: 铸造孔是否满足要求（1.盲孔：直径≥50，高度与直径比≤1.5；2.通孔：直径≥40，高度与直径比≤2.5；3.筋板上的穿线孔、漏水孔≥40）；若不能满足，需贴量加工；
A35: 27 | B35: 检查导板与导滑面是否错位，压料芯氮气弹簧与氮气弹簧安装面、氮气弹簧过渡垫块及过渡垫块安装面之间是否存在错位现象；
A36: 28 | B36: 整体热处理镶块孔边缘距离镶块边缘（壁厚）≥8mm；
A37: 29 | B37: 检查铸件X、Y、Z方向的断面，是否存在过厚过薄处；
A38: 30 | B38: 确认氮气弹簧是否需要串联；串联实体表示出来 | K38: 新增
A39: 31 | B39: 拆卸压料芯前需要拆除的刀块都要标识“X”； | K39: 新增
A40: 32 | B40: 模具的各部件的行程关系都已经分析，且有行程关系图，压料板行程及压力工艺特别指示需与工艺模拟完全一致 | K40: 新增
A41: 33 | B41: 铸钢材质的铸件超出以下重量和尺寸无法铸造：重量最大为5T，尺寸最大为长4300，宽1900（2024-10-30）
A42: 34 | B42: 45#钢垫板最大采购尺寸是5000X2400X180，检查是否超过该尺寸（2024-10-30）
B43: 二.定位及导向结构检查 | E43: 内审 | F43: FMC | G43: 正式图 | H43: 内审 | I43: FMC | J43: 正式图
A44: 1 | B44: 制件定位方式是否稳定可靠,优先选择定位板，拉延使用平板料检查定位板定位直边高度20mm；后工序直边高度5-10mm（2023-8-7）
A45: 2 | B45: 导滑面长度是否为ST+80mm；若为复合导向，导腿导板先导柱导入 30-50 mm；到底状态，导向过滑10mm；导柱、导套的拆卸孔、导板窥视孔是否设计；（2023-8-7）
A46: 3 | B46: 导柱、导套背托尺寸为 40 mm；20厚的导板背托厚度15mm，不用帖量(涂蓝色)；
B47: 三、结构防反、防呆检查 | E47: 内审 | F47: FMC | G47: 正式图 | H47: 内审 | I47: FMC | J47: 正式图
A48: 1 | B48: 上下模、上模与压边圈（内导）导腿要设置防反,单侧相差10mm，双侧20mm；
A49: 2 | B49: 相似镶块螺钉相差5mm进行防反，； | K49: 新增
B50: 四.操作方便性、安全性检查 | E50: 内审 | F50: FMC | G50: 正式图 | H50: 内审 | I50: FMC | J50: 正式图
A51: 1 | B51: 压芯・复合机构・斜楔等是否设置起吊、翻转螺纹，优先采用铸入式螺栓；
A52: 2 | B52: 上模吊棒的铸件限位块是否设计在和下模相同的位置；
A53: 3 | B53: 存放氮气氮气缸下承受力的面筋厚需要设计到min80；
A54: 4 | B54: 压料芯用卸料螺钉Z向肉厚MIN50侧壁肉厚MIN40，压力源若是氮气弹簧，工作螺钉必须增加聚氨酯垫圈（CSRUR）；
A55: 5 | B55: 压料芯侧销处要倒角加强；
B56: 五.模具加工工艺性检查 | E56: 内审 | F56: FMC | G56: 正式图 | H56: 内审 | I56: FMC | J56: 正式图
A57: 1 | B57: 导板安装面及导滑面加工是否有问题（侧面让空最小35mm)；
A58: 2 | B58: 斜楔滑块导板安装面距侧面导滑面小于35mm时，考虑加工走刀，导板背托都要局部避让掉；
A59: 3 | B59: 螺、销钉孔边缘距侧壁至少保证有10mm的距离，防止铸造误差，无法钻孔；
A60: 4 | B60: 刃口复杂或不好加工的地方需要镶钢（最小加工圆角Φ4,高度10mm）；
A61: 5 | B61: 导柱安装孔加工深度正常要小于250，当深度大于等于250时，要有以导柱安装孔中心线为轴，半径大于115的空间避让;
A62: 6 | B62: 侧销安装孔是否在江福设备加工能力范围内； （常用侧销规格￠50能达到550，侧销中心距侧壁MIN60）；
A63: 7 | B63: 侧修边冲孔需要线切割的镶块安装面必须和斜楔冲压方向一致，以保证能够线切割；
A64: 8 | B64: 定位键槽靠侧壁的一端，距侧壁的距离要≥35mm，除非侧壁高度小于45mm；
A65: 9 | B65: 防脱安全螺栓限位不加工，外部项目为贴量粗加工（拉延模除外）具体按客户要求；
A66: 10 | B66: 大部件设计3处三销基准，需整数位置（2023-8-7）
B67: 六、包边模相关结构检查 | E67: 内审 | F67: FMC | G67: 正式图 | H67: 内审 | I67: FMC | J67: 正式图
A68: 1 | B68: 确认包边模的送取料方式是否与技术协议一致；
A69: 2 | B69: 下模符型宽度80以上；
A70: 3 | B70: 导正销是否与外板件干涉；
A71: 4 | B71: 压合刀块是否与内板干涉；
A72: 5 | B72: 挡料机构回退状态是否存在干涉（包括与板件的干涉）；
A73: 6 | B73: 压料板上的卸料螺钉要有缓冲聚氨酯垫片；压料板也要增加缓冲聚氨酯；
A74: 7 | B74: 模拟预弯刀块与压合刀块的运动过程中是否干涉；
A75: 8 | B75: 模拟预弯刀块的运动轨迹，以此来选择预弯机构的角度；
A76: 9 | B76: 模拟预弯刀块的初始状态是否与送取料皮带干涉；
A77: 10 | B77: 模拟预弯同步性；
