Workbook

Sheet 后序压力控制专项检查表
D1: 安徽江福科技有限公司 | H1: 编号： | K1: 日期
H2: 设计： | I2: =[40]目录!H10 | K2: =[40]目录!J10
D3: 模具行程和力的校核 | H3: 校对: | I3: =[40]目录!H11 | K3: =[40]目录!J11
A4: 产品名: | C4: =[40]目录!H5 | E4: 工序内容： | F4: =[40]目录!H7 | H4: 审核: | I4: =[40]目录!H12 | K4: =[40]目录!J12
A5: 模具图号: | C5: =[40]目录!H8 | E5: 设备参数： | F5: =[40]目录!H9 | H5: OK：√ NG：× 无关项
A6: 项目一 | C6: 行程 | H6: 自检 | I6: 审核 | J6: 备注
A7: 模具工作行程图及说明 | H7: × | I7: × | M7: 链接到目录
A8: 项目二 | C8: 模具压力计算（T） | H8: OK：√ NG：× 无关项
A9: 产品加工力（T） | C9: 计算过程或工艺分析数据(修边) | D9: 理论结果(修边) | E9: 计算过程或工艺分析数据(成型) | F9: 理论结果(成型) | G9: 模具闭合状态力（T） | H9: 自检 | I9: 审核 | J9: 备注
G10: =D10+F10 | H10: √
G11: =D11+F11
G12: =D12+F12
A13: 压力源(T) | B13: 拉延机床-下气垫力（T） | D13: 工艺分析压边力（1） | F13: 工艺分析压边力（2）
G14: =D14+F14
C15: 氮气弹簧型号 | D15: 初压 | E15: 终压 | F15: 数量
B16: 压料弹簧力（T） | G16: =E16*F16 | H16: √
B17: 压料弹簧力（T） | G17: =E17*F17
B18: 压料弹簧力（T） | G18: =E18*F18
B19: 压料弹簧力（T） | G19: =E19*F19
B20: 压料弹簧力（T） | G20: =E20*F20
A21: 存放氮气弹簧（T） | G21: =E21*F21 | H21: √
A22: 斜楔相关压力源（T） | B22: 60°斜楔压力（T） | G22: =E22*F22
B23: 50°斜楔压力（T） | G23: =E23*F23
B24: 50°斜楔压力（T） | G24: =E24*F24
G25: =E25*F25
G26: =E26*F26
G27: =E27*F27
A28: 其他(T) | G28: =E28*F28
G29: =E29*F29
G30: =E30*F30
G31: =E31*F31
A32: 模具总压力（T） | C32: =SUM(G10:G31) | D32: 设备载荷（T） | E32: 800 | F32: 结果判定 | G32: =IF(E32*0.8>=C32,"OK","NG")
A33: 项目三 | C33: 压料芯背面弹簧布置图+压料面对应情况 | H33: OK：√ NG：× 无关项
