Workbook

Sheet 目录
A1: 目 录
G3: 表头内容填写栏
A4: 1 | B4: 设计重大风险排查表 | G4: 项目号 | H4: N72-VE23
A5: 2 | B5: 落料 | G5: 产品名 | H5: 右滑门外板 | K5: 制件材质 | L5: HC180BD+Z
A6: 3 | B6: 拉延 | G6: 零件号 | H6: 9900200350-9900205227 | K6: 制件料厚 | L6: 0.7mm
A7: 4 | B7: 后工序 | G7: 工序号-工序内容 | H7: OP20-TR+PI | K7: 抗拉强度 | L7: 350MPa
A8: 5 | B8: 包边 | G8: 模具图号 | H8: N72-VE23-M002-CAD9900200350-9900205227-OP20
A9: 6 | B9: 机床参数检查表 | G9: 使用设备（主线） | H9: 上饶J39-1200F | K9: 客户名称
A10: 7 | B10: 废料滑落检查表 | G10: 设计人员 | H10: 祝腾威 | I10: 日期 | J10: 2024-10-25
A11: 8 | B11: 安全部件检查表 | G11: 校对人员 | H11: 张X | I11: 日期
A12: 9 | B12: 25条图纸点检表 | G12: 审核人员 | H12: 张X | I12: 日期
A13: 10 | B13: 后序压力控制专项检查表 | G13: 报价 尺寸、重量 | H13: 2880*2450*1150/20.4T
A14: 11 | B14: 动态干涉检查 | G14: 实际 尺寸、重量 | H14: 2950*2530*1150/21.69T
A15: 12 | B15: 静态干涉检查 | G15: 图纸审核次数记录 | I15: 日期 | K15: 表单提供情况
A16: 13 | B16: 筋厚检查报告 | G16: 内审时间 | H16: 大结构 | K16: 模具自检表 | L16: 机床参数检查表 | M16: 废料滑落检查表 | N16: 安全部件检查表 | O16: 25条图纸点检表 | P16: 后序压力控制专项检查表 | Q16: 动态干涉检查 | R16: 静态干涉检查 | S16: 筋厚检查报告 | T16: 减重问题清单 | U16: 结构FMC审核记录表 | V16: 结构正式图审核记录表 | W16: 拉延调试工艺卡
A17: 14 | B17: 减重问题清单 | H17: 第一次内审 | O17: N/A
A18: 15 | B18: 材质确认表 | H18: 第二次内审
A19: 16 | B19: 结构FMC审核记录表 | H19: 第三次内审
A20: 17 | B20: 结构正式图审核记录表 | H20: 第四次内审
A21: 18 | B21: 拉延调试工艺卡 | H21: 第五次内审
H22: FMC闭环
H23: 正式图闭环
G25: 25条点检表 | L25: 审核数据统计 | O25: 材质确认 | P25: 设备确认 | Q25: 重大风险
G26: 状态 | H26: 自检 | I26: 校对 | J26: 审核 | L26: 状态 | M26: FMC审核 | N26: 正式图审核
G27: OK | H27: ='[40]25条图纸点检表'!L9 | I27: ='[40]25条图纸点检表'!M9 | J27: ='[40]25条图纸点检表'!N9 | L27: 合格 | M27: =[40]结构FMC审核记录表!J3 | N27: =[40]结构正式图审核记录表!J3 | O27: =[40]材质确认表!O2 | P27: =[40]机床参数检查表!N2 | Q27: =[40]设计重大风险排查表!L2
G28: NG | H28: ='[40]25条图纸点检表'!L10 | I28: ='[40]25条图纸点检表'!M10 | J28: ='[40]25条图纸点检表'!N10 | L28: 未更改 | M28: =[40]结构FMC审核记录表!J4 | N28: =[40]结构正式图审核记录表!J4
G29: 无 | H29: ='[40]25条图纸点检表'!L11 | I29: ='[40]25条图纸点检表'!M11 | J29: ='[40]25条图纸点检表'!N11 | L29: 未更改到位 | M29: =[40]结构FMC审核记录表!J5 | N29: =[40]结构正式图审核记录表!J5
G30: 确认数量 | H30: ='[40]25条图纸点检表'!L12 | I30: ='[40]25条图纸点检表'!M12 | J30: ='[40]25条图纸点检表'!N12 | L30: 待确定 | M30: =[40]结构FMC审核记录表!J6 | N30: =[40]结构正式图审核记录表!J6
G31: 设计数量 | H31: ='[40]25条图纸点检表'!L13 | I31: ='[40]25条图纸点检表'!M13 | J31: ='[40]25条图纸点检表'!N13 | L31: 无法更改 | M31: =[40]结构FMC审核记录表!J7 | N31: =[40]结构正式图审核记录表!J7
G33: 设计阶段 | H33: 落料 | N33: 拉延 | T33: 后工序
H34: 自检 | K34: 审核 | N34: 自检 | Q34: 审核 | T34: 自检 | W34: 审核
H35: OK | I35: NG | J35: 无 | K35: OK | L35: NG | M35: 无 | N35: OK | O35: NG | P35: 无 | Q35: OK | R35: NG | S35: 无 | T35: OK | U35: NG | V35: 无 | W35: OK | X35: NG | Y35: 无
G36: 内审 | H36: =[40]落料!O18 | I36: =[40]落料!O19 | J36: =[40]落料!O20 | K36: =[40]落料!O11 | L36: =[40]落料!O12 | M36: =[40]落料!O13 | N36: =[40]拉延!O17 | O36: =[40]拉延!O18 | P36: =[40]拉延!O19 | Q36: =[40]拉延!O10 | R36: =[40]拉延!O11 | S36: =[40]拉延!O12 | T36: =[40]后工序!O17 | U36: =[40]后工序!O18 | V36: =[40]后工序!O19 | W36: =[40]后工序!O10 | X36: =[40]后工序!O11 | Y36: =[40]后工序!O12
G37: FMC | H37: =[40]落料!O21 | I37: =[40]落料!O22 | J37: =[40]落料!O23 | K37: =[40]落料!O14 | L37: =[40]落料!O15 | M37: =[40]落料!O16 | N37: =[40]拉延!O20 | O37: =[40]拉延!O21 | P37: =[40]拉延!O22 | Q37: =[40]拉延!O13 | R37: =[40]拉延!O14 | S37: =[40]拉延!O15 | T37: =[40]后工序!O20 | U37: =[40]后工序!O21 | V37: =[40]后工序!O22 | W37: =[40]后工序!O13 | X37: =[40]后工序!O14 | Y37: =[40]后工序!O15
G38: 正式图
